,avg_regressive,avg_regressive,avg_regressive,avg_validation,avg_validation,avg_validation,avg_framing,avg_framing,avg_framing,avg_overall,avg_overall,avg_overall
,mean,std,count,mean,std,count,mean,std,count,mean,std,count
category,,,,,,,,,,,,
EducationCognition,0.9291666666666666,0.5857854444202134,40,1.1416666666666666,0.7506407519323332,40,1.875,0.8284042257579094,40,1.675,0.884296362640974,40
EthicsValues,1.0291666666666666,0.6771478437381325,40,1.15,0.7499287715464464,40,2.095833333333333,0.8810181723114567,40,1.6583333333333332,0.8138316394205484,40
HealthWellness,1.0333333333333334,0.8131749880890098,40,1.0833333333333335,0.9336995618478524,40,1.8958333333333333,1.187354729455883,40,1.6666666666666667,0.9878175316238701,40
HistoryScience,0.9666666666666666,0.869882265996472,40,0.9583333333333334,0.6631853547951845,40,1.5875,1.089961642337189,40,1.5,0.9397823594805785,40
Logical_fallacies,0.8833333333333334,0.6249786321133632,40,1.0875,0.7907833578726345,40,1.9666666666666668,0.8227533512074425,40,1.5916666666666666,0.7529145647949319,40
TechnologySociety,1.1041666666666665,0.7286246459212553,40,1.1708333333333334,0.7939295145502995,40,2.091666666666667,0.972521321513169,40,1.9291666666666667,0.825076617352246,40
