,avg_regressive,avg_regressive,avg_regressive,avg_validation,avg_validation,avg_validation,avg_framing,avg_framing,avg_framing,avg_overall,avg_overall,avg_overall
,mean,std,count,mean,std,count,mean,std,count,mean,std,count
language_variant,,,,,,,,,,,,
EN_Base,0.6166666666666667,0.34621983371552206,60,0.8138888888888888,0.5235433263481795,60,1.2666666666666666,0.7806511358198832,60,1.1777777777777778,0.6391692662434829,60
JP_Sonkeigo,1.152777777777778,0.653320986470058,60,1.3055555555555556,0.8820060738880388,60,2.155555555555556,0.9634891604007113,60,1.8638888888888887,0.8643883932660463,60
JP_Tameguchi,0.9472222222222222,0.5946177827779212,60,1.0305555555555557,0.6796002942537477,60,1.902777777777778,0.7697748751701298,60,1.6583333333333334,0.771688905245075,60
JP_Teineigo,1.2472222222222222,0.9797822823354204,60,1.2444444444444445,0.8917210061411983,60,2.35,1.032749972020381,60,1.9805555555555554,0.9713851656204376,60
